{
  "timestamp": "20250902_0510",
  "training_time_seconds": 1.5081324577331543,
  "episodes": 200,
  "final_reward": 102.4750000000002,
  "expert_alignment": 1.0,
  "model_path": "models/uav_ddos_lookup_model_20250902_0510.json",
  "eval_results": {
    "avg_reward": 445.9121249999969,
    "avg_expert_alignment": 0.23960750521162955,
    "total_safety_violations": 0,
    "avg_power": 8001.959903236687,
    "action_distribution": [
      17845,
      59753,
      0
    ]
  },
  "policy_mismatches": 0
}